{"accuracy": 0.9913140311804008, "f1_score": 0.990834312573443, "precision": 0.9889749003049496, "recall": 0.9927007299270073}